Group,length,Macrel,Macrel_probability,Out1,Out1 Prob,Out9,Out9 Prob,Vote2,Vote2 Prob,charge_pH7,charge_density,muH,KD_raw,KD_norm01,HelixProp,HRC_pct,SAI,Aromatic_frac,PG_frac,WWIHP_mean,Boman,Instability,pI,Hmoment,AIPx,Zsum,z_muH,z_charge_density,z_GRAVY,z_HelixProp,z_HRC,z_SAI,verdict,Macrel_AMP,AIPx_tier
C_neg,23,AMP,0.683,AMP,0.653,AMP,0.812,AMP,0.75,1.999,0.0869,0.902,0.148,0.516,0.99,39.13,0.049,0.043,0.261,-0.06,0.651,10.557,10.446,0.902,0.591,0.368,2.68,-0.63,0.19,-0.3,-0.39,-1.01,Unlikely,TRUE,Moderate
C_neg,14,AMP,0.614,AMP,0.555,NonAMP,0.718,NonAMP,0.656,4.997,0.3569,0.776,-0.943,0.395,1.102,42.86,-0.157,0.071,0.143,0.326,3.759,93.15,12.51,0.776,0.507,0.028,1.84,2.07,-4.17,0.26,-0.14,-2.38,Borderline,TRUE,Weak
N_neg,16,AMP,0.891,AMP,0.917,AMP,0.862,AMP,0.877,1.997,0.1248,0.464,1.294,0.644,1.006,62.5,0.431,0,0.25,-0.26,-1.544,19.744,10.805,0.464,0.711,0.902,-0.24,-0.25,4.77,-0.22,1.17,1.54,Borderline,TRUE,Strong
N_neg,14,AMP,0.603,AMP,0.661,AMP,0.914,AMP,0.858,4.998,0.357,0.807,-0.436,0.452,1.021,50,-0.073,0,0.214,-0.01,3.53,134.014,13.102,0.807,0.611,0.45,2.05,2.07,-2.14,-0.15,0.33,-1.82,AMP-like,TRUE,Moderate
N_neg,22,AMP,0.584,AMP,0.779,AMP,0.823,AMP,0.784,6.996,0.318,0.577,-0.155,0.483,1.147,50,-0.019,0,0,0.17,1.384,33.436,12.102,0.577,0.572,0.288,0.51,1.68,-1.02,0.48,0.33,-1.46,Borderline,TRUE,Moderate
N_neg,15,AMP,0.594,AMP,0.619,AMP,0.715,AMP,0.719,6.087,0.4058,0.518,-0.54,0.44,1.239,53.33,-0.067,0,0,0.358,1.775,25.407,12.055,0.518,0.551,0.205,0.12,2.56,-2.56,0.95,0.56,-1.78,AMP-like,TRUE,Moderate
N_neg,23,AMP,0.653,AMP,0.503,AMP,0.646,AMP,0.672,1.998,0.0869,0.549,0.352,0.539,1.015,47.83,0.117,0.043,0.13,-0.064,0.492,7.783,10.244,0.549,0.513,0.053,0.33,-0.63,1.01,-0.18,0.19,-0.55,Borderline,TRUE,Weak
N_neg,21,AMP,0.614,AMP,0.766,AMP,0.583,AMP,0.618,2.904,0.1383,0.543,0.019,0.502,0.954,33.33,0.004,0.048,0.143,0.021,1.544,29.933,8.987,0.543,0.421,-0.32,0.29,-0.12,-0.32,-0.48,-0.78,-1.31,Unlikely,TRUE,Weak
N_neg,21,AMP,0.584,AMP,0.682,AMP,0.7,AMP,0.693,2.935,0.1398,0.5,-0.295,0.467,1.028,42.86,-0.074,0.048,0.143,-0.05,0.823,-2.981,10.341,0.5,0.383,-0.478,0,-0.1,-1.58,-0.11,-0.14,-1.83,Borderline,TRUE,Weak
N_neg,16,AMP,0.614,AMP,0.54,AMP,0.665,AMP,0.609,-0.002,-1.00E-04,0.283,0.206,0.523,0.786,37.5,0.206,0,0.562,-0.053,-0.594,55.606,6.1,0.283,0.296,-0.867,-1.45,-1.5,0.42,-1.32,-0.5,0.04,Unlikely,TRUE,Weak
P_A30K,8,AMP,0.594,AMP,0.605,AMP,0.665,AMP,0.65,-0.002,-3.00E-04,0.222,2.612,0.79,1.028,87.5,2.612,0,0.25,-0.654,-3.419,29.225,6.1,0.222,0.94,2.76,-1.85,-1.5,10.05,-0.11,2.83,16.08,Unlikely,TRUE,Strong
P_A30K,8,AMP,0.614,AMP,0.685,AMP,0.782,AMP,0.788,0.998,0.1247,0.549,1.6,0.678,1.024,75,0.8,0.125,0.125,-0.527,-1.604,-11.288,9.7,0.549,0.834,1.612,0.33,-0.25,6,-0.13,2,4,Unlikely,TRUE,Strong
P_A30K,8,AMP,0.584,AMP,0.663,AMP,0.68,AMP,0.721,0.998,0.1247,0.534,1.575,0.675,1.029,75,0.787,0.125,0.125,-0.444,-1.598,-4.275,9.7,0.534,0.827,1.567,0.23,-0.25,5.9,-0.11,2,3.91,Unlikely,TRUE,Strong
P_A30K,11,AMP,0.584,AMP,0.645,NonAMP,0.557,NonAMP,0.546,0.998,0.0907,0.341,1.6,0.678,1.089,81.82,0.8,0.182,0.091,-0.606,-1.601,12.936,9.7,0.341,0.788,1.314,-1.06,-0.59,6,0.19,2.45,4,Unlikely,TRUE,Strong
P_A30K,19,AMP,0.634,AMP,0.59,NonAMP,0.591,NonAMP,0.507,1.998,0.1052,0.909,0.768,0.585,0.993,57.89,0.256,0.105,0.158,-0.274,0.466,40.295,12.5,0.909,0.753,1.117,2.73,-0.45,2.67,-0.29,0.86,0.37,AMP-like,TRUE,Strong
P_A30K,16,AMP,0.604,AMP,0.512,NonAMP,0.509,NonAMP,0.504,0.999,0.0624,0.666,1.106,0.623,1.026,56.25,0.553,0.188,0.188,-0.319,-0.628,43.938,9.297,0.666,0.738,1.035,1.11,-0.88,4.02,-0.12,0.75,2.35,AMP-like,TRUE,Strong
P_A30K,18,AMP,0.614,AMP,0.566,NonAMP,0.541,AMP,0.526,1.998,0.111,0.909,0.6,0.567,0.981,55.56,0.2,0.111,0.167,-0.219,0.766,41.978,12.5,0.909,0.723,0.958,2.73,-0.39,2,-0.35,0.7,0,AMP-like,TRUE,Strong
P_A30K,21,AMP,0.772,AMP,0.717,AMP,0.85,AMP,0.788,0.937,0.0446,0.594,1.19,0.632,1.01,57.14,0.595,0.095,0.19,-0.32,-0.874,19.233,8.523,0.594,0.722,0.955,0.63,-1.05,4.36,-0.2,0.81,2.63,AMP-like,TRUE,Strong
P_A30K,12,AMP,0.644,AMP,0.748,AMP,0.638,AMP,0.669,0.998,0.0831,0.618,0.925,0.603,0.93,66.67,0.462,0.083,0.333,-0.458,-1.439,31.433,9.7,0.618,0.703,0.859,0.79,-0.67,3.3,-0.6,1.44,1.75,AMP-like,TRUE,Strong
P_A30K,17,AMP,0.634,AMP,0.601,AMP,0.557,AMP,0.586,1.998,0.1175,0.909,0.471,0.552,0.972,52.94,0.157,0.059,0.176,-0.132,0.986,43.859,12.5,0.909,0.697,0.831,2.73,-0.32,1.48,-0.39,0.53,-0.29,AMP-like,TRUE,Strong
P_A30K,19,AMP,0.713,AMP,0.857,AMP,0.836,AMP,0.836,2.998,0.1578,0.657,0.863,0.596,0.991,52.63,0.216,0.105,0.158,-0.366,0.249,3.963,12.516,0.657,0.685,0.778,1.05,0.08,3.05,-0.3,0.51,0.11,AMP-like,TRUE,Strong
P_A30K,15,AMP,0.594,NonAMP,0.528,NonAMP,0.82,NonAMP,0.757,0.999,0.0666,0.667,0.607,0.567,1.113,53.33,0.303,0,0.067,0.096,0.726,9.333,9.695,0.667,0.649,0.615,1.11,-0.83,2.03,0.31,0.56,0.69,AMP-like,TRUE,Strong
P_A30K,17,AMP,0.743,NonAMP,0.599,NonAMP,0.68,NonAMP,0.618,0.998,0.0587,0.57,0.659,0.573,1.009,70.59,0.329,0.118,0.176,-0.185,0.156,11.312,9.695,0.57,0.641,0.581,0.47,-0.91,2.24,-0.21,1.71,0.86,Unlikely,TRUE,Moderate
P_A30K,17,AMP,0.634,AMP,0.689,NonAMP,0.699,NonAMP,0.634,1.088,0.064,0.441,0.918,0.602,1.151,64.71,0.306,0.059,0.059,-0.209,-0.822,7.718,9.301,0.441,0.637,0.564,-0.39,-0.86,3.27,0.5,1.31,0.71,AMP-like,TRUE,Moderate
P_A30K,14,AMP,0.703,AMP,0.768,NonAMP,0.571,NonAMP,0.511,1.998,0.1427,0.709,0.6,0.567,0.959,42.86,0.2,0,0.286,-0.116,0.019,-19.407,11.652,0.709,0.633,0.544,1.39,-0.07,2,-0.46,-0.14,0,AMP-like,TRUE,Moderate
P_A30K,15,AMP,0.743,AMP,0.828,AMP,0.717,AMP,0.684,3.088,0.2059,0.638,0.3,0.533,1.026,53.33,0.06,0.067,0.2,-0.229,0.323,11.007,11.823,0.638,0.607,0.434,0.92,0.56,0.8,-0.12,0.56,-0.93,AMP-like,TRUE,Moderate
P_A30K,21,AMP,0.703,AMP,0.557,AMP,0.643,AMP,0.702,3.09,0.1472,0.665,0.39,0.543,1.022,52.38,0.078,0.048,0.143,-0.011,1.348,10.324,12.223,0.665,0.602,0.415,1.1,-0.03,1.16,-0.14,0.49,-0.81,AMP-like,TRUE,Moderate
P_A30K,18,AMP,0.802,AMP,0.588,NonAMP,0.685,NonAMP,0.639,1.998,0.111,0.609,0.578,0.564,0.994,50,0.193,0.056,0.222,-0.032,-0.456,11.789,10.12,0.609,0.597,0.394,0.73,-0.39,1.91,-0.28,0.33,-0.05,AMP-like,TRUE,Moderate
P_A30K,16,AMP,0.584,NonAMP,0.589,NonAMP,0.59,NonAMP,0.553,0.998,0.0624,0.57,0.462,0.551,0.997,68.75,0.231,0.125,0.188,-0.119,0.473,11.394,9.695,0.57,0.593,0.377,0.47,-0.88,1.45,-0.27,1.58,0.21,Unlikely,TRUE,Moderate
P_A30K,17,AMP,0.584,AMP,0.528,AMP,0.634,AMP,0.572,0.09,0.0053,0.563,0.741,0.582,0.974,52.94,0.371,0.059,0.294,-0.064,-0.455,24.165,7.543,0.563,0.583,0.337,0.42,-1.45,2.56,-0.38,0.53,1.14,AMP-like,TRUE,Moderate
P_A30K,16,AMP,0.683,AMP,0.63,AMP,0.746,AMP,0.69,1.997,0.1248,0.514,0.65,0.572,0.876,43.75,0.217,0.125,0.312,-0.334,0.022,18.969,11.148,0.514,0.543,0.171,0.09,-0.25,2.2,-0.87,-0.08,0.11,AMP-like,TRUE,Weak
P_A30K,19,AMP,0.683,AMP,0.668,NonAMP,0.522,NonAMP,0.517,4.997,0.263,0.562,-0.121,0.487,1.108,52.63,-0.02,0,0.053,0.034,2.128,17.653,12.814,0.562,0.542,0.17,0.41,1.13,-0.88,0.29,0.51,-1.47,AMP-like,TRUE,Weak
P_A30K,15,AMP,0.634,AMP,0.6,NonAMP,0.636,NonAMP,0.579,2.998,0.1998,0.428,0.187,0.521,1.09,53.33,0.047,0.133,0.133,-0.13,1.288,17.147,12.516,0.428,0.511,0.043,-0.48,0.5,0.35,0.2,0.56,-1.02,AMP-like,TRUE,Weak
P_A30K,17,AMP,0.594,AMP,0.803,AMP,0.774,AMP,0.76,0.998,0.0587,0.624,0.188,0.521,0.958,47.06,0.094,0.059,0.294,-0.128,-0.016,10.847,9.537,0.624,0.489,-0.042,0.83,-0.91,0.35,-0.46,0.14,-0.71,AMP-like,TRUE,Weak
P_A30K,22,AMP,0.752,AMP,0.688,AMP,0.713,AMP,0.706,1.965,0.0893,0.592,0.245,0.527,0.927,45.45,0.061,0.136,0.182,-0.233,0.81,25.841,8.831,0.592,0.485,-0.061,0.61,-0.61,0.58,-0.62,0.03,-0.93,AMP-like,TRUE,Weak
P_A30K,29,AMP,0.584,AMP,0.83,AMP,0.554,AMP,0.596,3.874,0.1336,0.632,-0.314,0.465,1,37.93,-0.063,0,0.138,0.158,1.756,42.259,10.507,0.632,0.415,-0.345,0.88,-0.16,-1.66,-0.25,-0.47,-1.75,AMP-like,TRUE,Weak
P_A30K,16,AMP,0.653,AMP,0.603,AMP,0.76,AMP,0.713,3.996,0.2497,0.555,-1.181,0.369,0.848,43.75,-0.236,0.125,0.438,0.202,1.866,42.388,10.965,0.555,0.282,-0.932,0.37,1,-5.12,-1.01,-0.08,-2.91,AMP-like,TRUE,Weak
P_A30K,20,AMP,0.604,AMP,0.695,NonAMP,0.566,NonAMP,0.552,2.055,0.1028,0.222,-0.245,0.473,0.916,40,-0.049,0.05,0.25,0.109,0.661,80.045,8.828,0.222,0.253,-1.081,-1.85,-0.47,-1.38,-0.67,-0.33,-1.66,AMP-like,TRUE,Weak
P_A30K,20,AMP,0.653,AMP,0.688,AMP,0.508,AMP,0.512,2.055,0.1028,0.171,-0.245,0.473,0.916,40,-0.049,0.05,0.25,0.109,0.661,66.645,8.828,0.171,0.238,-1.166,-2.19,-0.47,-1.38,-0.67,-0.33,-1.66,AMP-like,TRUE,Weak
P_A30K,18,AMP,0.584,NonAMP,0.541,AMP,0.724,AMP,0.685,3.998,0.2221,0.746,-2.144,0.262,0.879,44.44,-0.429,0.111,0.333,0.236,4.472,87.867,12.508,0.746,0.207,-1.346,1.64,0.72,-8.98,-0.86,-0.04,-4.19,AMP-like,TRUE,Weak
P_A3K,8,AMP,0.594,AMP,0.605,AMP,0.665,AMP,0.65,-0.002,-3.00E-04,0.222,2.612,0.79,1.028,87.5,2.612,0,0.25,-0.654,-3.419,29.225,6.1,0.222,0.94,2.76,-1.85,-1.5,10.05,-0.11,2.83,16.08,Unlikely,TRUE,Strong
P_A3K,8,AMP,0.584,AMP,0.663,AMP,0.68,AMP,0.721,0.998,0.1247,0.534,1.575,0.675,1.029,75,0.787,0.125,0.125,-0.444,-1.598,-4.275,9.7,0.534,0.827,1.567,0.23,-0.25,5.9,-0.11,2,3.91,Unlikely,TRUE,Strong
P_A3K,16,AMP,0.683,AMP,0.661,NonAMP,0.752,NonAMP,0.656,1.998,0.1249,0.778,1.194,0.633,1.012,68.75,0.398,0.125,0.125,-0.344,0.176,36.194,12.5,0.778,0.804,1.41,1.85,-0.25,4.38,-0.19,1.58,1.32,Unlikely,TRUE,Strong
P_A3K,11,AMP,0.723,AMP,0.713,AMP,0.88,AMP,0.853,1.936,0.176,0.634,1.136,0.626,0.956,54.55,0.379,0,0.091,-0.254,0.131,16.264,9.833,0.634,0.739,1.041,0.89,0.26,4.15,-0.47,0.64,1.19,Unlikely,TRUE,Strong
P_A3K,18,AMP,0.614,AMP,0.566,NonAMP,0.541,AMP,0.526,1.998,0.111,0.909,0.6,0.567,0.981,55.56,0.2,0.111,0.167,-0.219,0.766,41.978,12.5,0.909,0.723,0.958,2.73,-0.39,2,-0.35,0.7,0,AMP-like,TRUE,Strong
P_A3K,12,AMP,0.644,AMP,0.748,AMP,0.638,AMP,0.669,0.998,0.0831,0.618,0.925,0.603,0.93,66.67,0.462,0.083,0.333,-0.458,-1.439,31.433,9.7,0.618,0.703,0.859,0.79,-0.67,3.3,-0.6,1.44,1.75,AMP-like,TRUE,Strong
P_A3K,17,AMP,0.634,AMP,0.601,AMP,0.557,AMP,0.586,1.998,0.1175,0.909,0.471,0.552,0.972,52.94,0.157,0.059,0.176,-0.132,0.986,43.859,12.5,0.909,0.697,0.831,2.73,-0.32,1.48,-0.39,0.53,-0.29,AMP-like,TRUE,Strong
P_A3K,8,AMP,0.624,AMP,0.666,AMP,0.755,AMP,0.749,0.998,0.1247,0.403,1.275,0.642,0.954,50,0.637,0.125,0.25,-0.506,-1.438,-23.087,9.7,0.403,0.682,0.762,-0.65,-0.25,4.7,-0.48,0.33,2.91,AMP-like,TRUE,Strong
P_A3K,13,AMP,0.634,AMP,0.841,AMP,0.864,AMP,0.877,0.998,0.0767,0.531,1.015,0.613,0.985,53.85,0.508,0,0.154,-0.341,-0.777,45.992,9.7,0.531,0.668,0.699,0.21,-0.73,3.66,-0.33,0.59,2.05,AMP-like,TRUE,Strong
P_A3K,17,AMP,0.881,AMP,0.597,AMP,0.898,AMP,0.837,2.09,0.1229,0.794,0.265,0.529,1.101,58.82,0.066,0.176,0.118,-0.114,0.631,34.429,10.789,0.794,0.651,0.622,1.96,-0.27,0.66,0.25,0.92,-0.89,AMP-like,TRUE,Strong
P_A3K,15,AMP,0.594,NonAMP,0.528,NonAMP,0.82,NonAMP,0.757,0.999,0.0666,0.667,0.607,0.567,1.113,53.33,0.303,0,0.067,0.096,0.726,9.333,9.695,0.667,0.649,0.615,1.11,-0.83,2.03,0.31,0.56,0.69,AMP-like,TRUE,Strong
P_A3K,17,AMP,0.634,AMP,0.689,NonAMP,0.699,NonAMP,0.634,1.088,0.064,0.441,0.918,0.602,1.151,64.71,0.306,0.059,0.059,-0.209,-0.822,7.718,9.301,0.441,0.637,0.564,-0.39,-0.86,3.27,0.5,1.31,0.71,AMP-like,TRUE,Moderate
P_A3K,17,AMP,0.624,NonAMP,0.68,AMP,0.539,AMP,0.586,2.999,0.1764,0.918,-0.094,0.49,1.01,52.94,-0.024,0.118,0.118,-0.05,2.091,52.724,11.431,0.918,0.63,0.533,2.79,0.26,-0.78,-0.2,0.53,-1.49,AMP-like,TRUE,Moderate
P_A3K,19,AMP,0.683,AMP,0.668,NonAMP,0.522,NonAMP,0.517,4.997,0.263,0.562,-0.121,0.487,1.108,52.63,-0.02,0,0.053,0.034,2.128,17.653,12.814,0.562,0.542,0.17,0.41,1.13,-0.88,0.29,0.51,-1.47,AMP-like,TRUE,Weak
P_A3K,20,AMP,0.693,AMP,0.837,AMP,0.939,AMP,0.932,2.997,0.1499,0.619,0.145,0.516,1.044,50,0.036,0.05,0.2,-0.063,0.081,24.31,11.103,0.619,0.54,0.161,0.79,0,0.18,-0.03,0.33,-1.09,AMP-like,TRUE,Weak
P_A3K,16,AMP,0.693,NonAMP,0.556,AMP,0.539,AMP,0.532,1.089,0.0681,0.707,0.162,0.518,1.011,43.75,0.054,0.062,0.188,0.005,0.914,-15.938,9.697,0.707,0.52,0.08,1.38,-0.82,0.25,-0.2,-0.08,-0.97,AMP-like,TRUE,Weak
P_A3K,14,AMP,0.624,AMP,0.615,AMP,0.521,AMP,0.529,1.088,0.0777,0.511,0.343,0.538,0.996,57.14,0.114,0.214,0.143,-0.391,0.069,27.743,9.351,0.511,0.511,0.043,0.07,-0.72,0.97,-0.27,0.81,-0.57,AMP-like,TRUE,Weak
P_A3K,18,AMP,0.584,NonAMP,0.541,AMP,0.724,AMP,0.685,3.998,0.2221,0.746,-2.144,0.262,0.879,44.44,-0.429,0.111,0.333,0.236,4.472,87.867,12.508,0.746,0.207,-1.346,1.64,0.72,-8.98,-0.86,-0.04,-4.19,AMP-like,TRUE,Weak
P_P30K,12,AMP,0.604,AMP,0.556,AMP,0.643,1:AMP,0.618,-0.002,-2.00E-04,0.27,2.183,0.743,0.988,83.33,2.183,0,0.167,-0.399,-2.234,66.292,6.1,0.27,0.902,2.225,-1.53,-1.5,8.33,-0.31,2.56,13.22,Unlikely,TRUE,Strong
P_P30K,10,AMP,0.663,AMP,0.502,NonAMP,0.506,1:AMP,0.541,0.999,0.0999,0.83,1.39,0.654,1.169,70,0.695,0.1,0,-0.213,-0.035,19.77,9.695,0.83,0.869,1.893,2.2,-0.5,5.16,0.6,1.67,3.3,Unlikely,TRUE,Strong
P_P30K,14,AMP,0.723,AMP,0.694,NonAMP,0.543,1:AMP,0.503,0.998,0.0713,0.54,1.679,0.687,1.196,85.71,0.839,0.071,0.071,-0.361,-1.776,48.364,9.7,0.54,0.858,1.799,0.27,-0.79,6.31,0.73,2.71,4.26,Unlikely,TRUE,Strong
P_P30K,18,AMP,0.624,AMP,0.756,NonAMP,0.551,NonAMP,0.503,0.998,0.0554,0.652,1.733,0.693,0.998,77.78,0.867,0.222,0.222,-0.565,-1.492,26.128,10.55,0.652,0.855,1.778,1.01,-0.95,6.53,-0.26,2.19,4.45,Unlikely,TRUE,Strong
P_P30K,5,AMP,0.604,AMP,0.644,AMP,0.811,1:AMP,0.812,1.998,0.3995,1.099,-0.06,0.493,1.076,60,-0.02,0.2,0,-0.506,1.66,-8.98,11.652,1.099,0.806,1.424,3.99,2.5,-0.64,0.13,1,-1.47,AMP-like,TRUE,Strong
P_P30K,18,AMP,0.851,AMP,0.751,NonAMP,0.626,NonAMP,0.573,1.997,0.111,0.767,1.194,0.633,1.052,61.11,0.398,0.056,0.167,-0.264,-0.382,15.028,11.148,0.767,0.789,1.318,1.78,-0.39,4.38,0.01,1.07,1.32,AMP-like,TRUE,Strong
P_P30K,12,AMP,0.683,AMP,0.624,AMP,0.582,1:AMP,0.646,0.998,0.0832,0.718,1.158,0.629,1.022,66.67,0.579,0.083,0.167,-0.198,-0.842,19.267,9.537,0.718,0.788,1.313,1.45,-0.67,4.23,-0.14,1.44,2.53,Unlikely,TRUE,Strong
P_P30K,10,AMP,0.743,AMP,0.64,AMP,0.69,1:AMP,0.71,2.998,0.2998,0.65,0.78,0.587,1.186,70,0.195,0.1,0,-0.142,1.31,19.77,12.516,0.65,0.787,1.306,1,1.5,2.72,0.68,1.67,-0.03,AMP-like,TRUE,Strong
P_P30K,17,AMP,0.604,NonAMP,0.512,AMP,0.711,1:AMP,0.664,1,0.0588,0.846,0.853,0.595,0.968,76.47,0.426,0.118,0.294,-0.209,-0.069,77.388,10.398,0.846,0.777,1.25,2.31,-0.91,3.01,-0.41,2.1,1.51,Unlikely,TRUE,Strong
P_P30K,16,AMP,0.644,AMP,0.65,AMP,0.542,1:AMP,0.539,0.998,0.0624,0.577,1.325,0.647,1.064,68.75,0.662,0.062,0.125,-0.393,-1.219,36.481,9.7,0.577,0.776,1.244,0.51,-0.88,4.9,0.07,1.58,3.08,Unlikely,TRUE,Strong
P_P30K,9,AMP,0.604,AMP,0.616,AMP,0.763,1:AMP,0.758,1.998,0.222,0.786,0.722,0.58,1.074,55.56,0.241,0,0.111,-0.154,0.496,47.644,11.652,0.786,0.759,1.145,1.91,0.72,2.49,0.12,0.7,0.27,Unlikely,TRUE,Strong
P_P30K,15,AMP,0.743,AMP,0.708,AMP,0.642,1:AMP,0.615,1.089,0.0726,0.591,1.293,0.644,1.024,73.33,0.431,0.2,0.2,-0.489,-1.137,54.033,10.552,0.591,0.756,1.131,0.61,-0.77,4.77,-0.13,1.89,1.54,AMP-like,TRUE,Strong
P_P30K,17,AMP,0.812,AMP,0.751,NonAMP,0.528,1:AMP,0.532,1.936,0.1139,0.527,1.3,0.644,1.106,64.71,0.433,0.059,0,-0.277,-0.221,30.265,9.833,0.527,0.748,1.087,0.18,-0.36,4.8,0.28,1.31,1.55,AMP-like,TRUE,Strong
P_P30K,18,AMP,0.644,NonAMP,0.616,NonAMP,0.777,NonAMP,0.738,0.998,0.0555,0.582,1.05,0.617,1.132,66.67,0.525,0.056,0.056,-0.271,-0.167,-6.2,9.695,0.582,0.733,1.012,0.55,-0.95,3.8,0.41,1.44,2.17,Unlikely,TRUE,Strong
P_P30K,15,AMP,0.594,AMP,0.534,NonAMP,0.503,1:AMP,0.5,1.089,0.0726,0.516,1.407,0.656,1.069,60,0.469,0.067,0,-0.315,-0.791,30.667,9.702,0.516,0.731,0.999,0.11,-0.77,5.23,0.09,1,1.79,AMP-like,TRUE,Strong
P_P30K,18,AMP,0.634,NonAMP,0.565,NonAMP,0.589,NonAMP,0.539,0.998,0.0555,0.556,1.15,0.628,1.003,61.11,0.575,0.111,0.111,-0.223,-0.103,-8.339,9.695,0.556,0.713,0.91,0.37,-0.95,4.2,-0.24,1.07,2.5,AMP-like,TRUE,Strong
P_P30K,8,AMP,0.683,AMP,0.513,NonAMP,0.604,NonAMP,0.54,0.998,0.1247,0.573,0.95,0.606,0.96,62.5,0.475,0,0.125,-0.326,-0.615,-23.087,9.7,0.573,0.705,0.872,0.49,-0.25,3.4,-0.45,1.17,1.83,Unlikely,TRUE,Strong
P_P30K,8,AMP,0.634,AMP,0.567,NonAMP,0.627,NonAMP,0.579,1.998,0.2497,0.453,0.775,0.586,1.154,62.5,0.258,0,0,-0.191,0.675,8.75,11.652,0.453,0.694,0.818,-0.31,1,2.7,0.52,1.17,0.39,AMP-like,TRUE,Strong
P_P30K,19,AMP,0.782,AMP,0.649,AMP,0.607,1:AMP,0.624,0.999,0.0526,0.597,1.047,0.616,1.013,52.63,0.524,0.105,0.158,-0.188,-0.138,-3.432,9.695,0.597,0.69,0.8,0.65,-0.97,3.79,-0.19,0.51,2.16,AMP-like,TRUE,Strong
P_P30K,18,AMP,0.762,AMP,0.573,NonAMP,0.508,1:AMP,0.541,1.027,0.0571,0.773,0.861,0.596,0.947,50,0.287,0.056,0.167,-0.186,0.104,8.7,8.553,0.773,0.681,0.757,1.82,-0.93,3.04,-0.52,0.33,0.58,AMP-like,TRUE,Strong
P_P30K,16,AMP,0.594,NonAMP,0.541,AMP,0.691,1:AMP,0.657,1.09,0.0681,0.784,0.675,0.575,1.02,50,0.225,0.125,0.062,-0.217,0.618,25.344,9.697,0.784,0.668,0.699,1.89,-0.82,2.3,-0.15,0.33,0.17,AMP-like,TRUE,Strong
P_P30K,16,AMP,0.812,AMP,0.812,AMP,0.865,1:AMP,0.835,3.088,0.193,0.74,0.356,0.54,1.089,56.25,0.071,0,0.062,-0.063,0.626,16.7,11.823,0.74,0.667,0.696,1.6,0.43,1.02,0.19,0.75,-0.86,AMP-like,TRUE,Strong
P_P30K,13,AMP,0.713,AMP,0.633,AMP,0.64,1:AMP,0.651,2.088,0.1606,0.43,0.931,0.603,1.146,61.54,0.233,0.077,0,-0.288,-0.538,27.777,10.805,0.43,0.66,0.662,-0.47,0.11,3.32,0.48,1.1,0.22,AMP-like,TRUE,Strong
P_P30K,12,AMP,0.644,AMP,0.534,AMP,0.618,1:AMP,0.604,1.998,0.1665,0.789,0.242,0.527,1.019,58.33,0.081,0.083,0.167,-0.044,1.705,5.575,11.48,0.789,0.653,0.63,1.93,0.17,0.57,-0.16,0.89,-0.79,AMP-like,TRUE,Strong
P_P30K,17,AMP,0.634,AMP,0.668,AMP,0.526,1:AMP,0.584,2.997,0.1763,0.779,0.318,0.535,1.005,52.94,0.079,0.059,0.118,-0.018,0.917,34.429,11.823,0.779,0.649,0.613,1.86,0.26,0.87,-0.23,0.53,-0.81,AMP-like,TRUE,Strong
P_P30K,17,AMP,0.624,AMP,0.726,AMP,0.878,1:AMP,0.837,2.179,0.1282,0.595,0.894,0.599,0.981,52.94,0.179,0.294,0.235,-0.504,-1.002,3.406,10.805,0.595,0.647,0.605,0.63,-0.22,3.18,-0.35,0.53,-0.14,AMP-like,TRUE,Moderate
P_P30K,17,AMP,0.782,AMP,0.931,AMP,0.952,1:AMP,0.944,2.997,0.1763,0.703,0.682,0.576,0.921,41.18,0.171,0,0.235,-0.135,-0.371,-41.076,11.103,0.703,0.642,0.586,1.35,0.26,2.33,-0.64,-0.25,-0.19,AMP-like,TRUE,Moderate
P_P30K,18,AMP,0.634,NonAMP,0.527,AMP,0.702,1:AMP,0.66,1.088,0.0605,0.845,0.5,0.556,0.939,50,0.167,0.167,0.222,-0.166,0.269,15.428,9.3,0.845,0.641,0.581,2.3,-0.9,1.6,-0.56,0.33,-0.22,AMP-like,TRUE,Moderate
P_P30K,16,AMP,0.663,AMP,0.738,AMP,0.795,1:AMP,0.775,2.998,0.1874,0.803,0.087,0.51,0.987,62.5,0.022,0.25,0.188,-0.304,1.082,30.756,12.516,0.803,0.641,0.581,2.02,0.37,-0.05,-0.32,1.17,-1.19,AMP-like,TRUE,Moderate
P_P30K,22,AMP,0.782,AMP,0.531,AMP,0.804,1:AMP,0.764,1.936,0.088,0.591,0.573,0.564,1.049,68.18,0.191,0.136,0.182,-0.234,-0.074,27.055,9.674,0.591,0.631,0.536,0.61,-0.62,1.89,-0.01,1.55,-0.06,Unlikely,TRUE,Moderate
P_P30K,21,AMP,0.792,AMP,0.597,AMP,0.722,1:AMP,0.687,1.998,0.0951,0.485,0.862,0.596,1.097,57.14,0.287,0.048,0.19,0.022,-0.852,-4.814,10.12,0.485,0.631,0.537,-0.1,-0.55,3.05,0.23,0.81,0.58,AMP-like,TRUE,Moderate
P_P30K,22,AMP,0.594,NonAMP,0.701,NonAMP,0.546,NonAMP,0.508,1,0.0454,0.647,0.586,0.565,1.095,54.55,0.293,0.136,0.091,-0.16,0.449,14.514,9.535,0.647,0.627,0.519,0.98,-1.05,1.95,0.22,0.64,0.62,AMP-like,TRUE,Moderate
P_P30K,25,AMP,0.842,AMP,0.915,AMP,0.829,1:AMP,0.839,6.088,0.2435,0.809,0.08,0.509,0.976,44,0.01,0.04,0.2,-0.07,1.257,13.364,12.82,0.809,0.622,0.498,2.06,0.94,-0.08,-0.37,-0.07,-1.27,AMP-like,TRUE,Moderate
P_P30K,21,AMP,0.683,NonAMP,0.716,NonAMP,0.577,NonAMP,0.53,2.18,0.1038,0.808,0.281,0.531,1.076,47.62,0.056,0.095,0.048,-0.034,1.06,2.829,10.447,0.808,0.618,0.479,2.05,-0.46,0.72,0.13,0.17,-0.96,AMP-like,TRUE,Moderate
P_P30K,15,AMP,0.584,AMP,0.729,AMP,0.661,1:AMP,0.69,3.025,0.2017,0.495,0.753,0.584,1.038,46.67,0.151,0.067,0,-0.105,-0.17,14.087,10.134,0.495,0.614,0.462,-0.03,0.52,2.61,-0.06,0.11,-0.33,AMP-like,TRUE,Moderate
P_P30K,25,AMP,0.653,NonAMP,0.592,AMP,0.555,1:AMP,0.527,0.997,0.0399,0.694,0.544,0.56,1.002,52,0.272,0.08,0.16,-0.116,0.212,10.9,9.297,0.694,0.611,0.452,1.29,-1.1,1.78,-0.24,0.47,0.48,AMP-like,TRUE,Moderate
P_P30K,20,AMP,0.644,NonAMP,0.719,AMP,0.704,1:AMP,0.678,0.092,0.0046,0.705,0.32,0.536,1.174,65,0.16,0.15,0.05,-0.106,0.533,15.44,7.55,0.705,0.61,0.449,1.37,-1.45,0.88,0.62,1.33,-0.27,AMP-like,TRUE,Moderate
P_P30K,22,AMP,0.634,NonAMP,0.727,NonAMP,0.84,NonAMP,0.784,0.999,0.0454,0.592,0.636,0.571,1.055,54.55,0.318,0.045,0.045,-0.122,0.61,4.464,9.695,0.592,0.609,0.444,0.61,-1.05,2.15,0.02,0.64,0.79,AMP-like,TRUE,Moderate
P_P30K,25,AMP,0.792,AMP,0.951,AMP,0.907,1:AMP,0.889,3.026,0.121,0.587,0.696,0.577,1.016,48,0.139,0.04,0.24,-0.022,-0.584,32.184,10.513,0.587,0.601,0.409,0.58,-0.29,2.38,-0.17,0.2,-0.41,AMP-like,TRUE,Moderate
P_P30K,16,AMP,0.703,AMP,0.61,AMP,0.878,1:AMP,0.836,2.179,0.1362,0.583,0.431,0.548,1.007,62.5,0.086,0.125,0.188,-0.083,0.027,37.638,10.455,0.583,0.593,0.376,0.55,-0.14,1.32,-0.22,1.17,-0.76,AMP-like,TRUE,Moderate
P_P30K,15,AMP,0.644,AMP,0.642,AMP,0.824,1:AMP,0.805,2.998,0.1998,0.709,0.02,0.502,0.969,60,0.005,0.267,0.2,-0.59,0.543,92.887,12.516,0.709,0.589,0.359,1.39,0.5,-0.32,-0.41,1,-1.3,AMP-like,TRUE,Moderate
P_P30K,18,AMP,0.624,AMP,0.707,AMP,0.777,1:AMP,0.769,1.999,0.111,0.501,0.556,0.562,0.981,61.11,0.185,0.056,0.278,-0.118,-0.593,24.75,10.507,0.501,0.574,0.296,0.01,-0.39,1.82,-0.35,1.07,-0.1,AMP-like,TRUE,Moderate
P_P30K,21,AMP,0.604,NonAMP,0.731,NonAMP,0.807,NonAMP,0.756,2.09,0.0995,0.744,0.186,0.521,1.061,47.62,0.046,0.143,0.048,-0.169,1.214,38.529,10.447,0.744,0.572,0.289,1.63,-0.5,0.34,0.05,0.17,-1.03,AMP-like,TRUE,Moderate
P_P30K,14,AMP,0.653,AMP,0.683,AMP,0.78,1:AMP,0.759,1.089,0.0778,0.51,0.807,0.59,0.914,50,0.269,0.143,0.286,-0.333,-0.874,-26.421,9.702,0.51,0.572,0.29,0.07,-0.72,2.83,-0.68,0.33,0.46,AMP-like,TRUE,Moderate
P_P30K,25,AMP,0.693,AMP,0.778,AMP,0.674,1:AMP,0.624,2.089,0.0835,0.58,0.588,0.565,0.988,52,0.147,0.04,0.24,-0.069,-0.064,-4.68,11.652,0.58,0.57,0.281,0.53,-0.66,1.95,-0.31,0.47,-0.35,AMP-like,TRUE,Moderate
P_P30K,23,AMP,0.733,AMP,0.853,AMP,0.72,1:AMP,0.732,3.089,0.1343,0.778,0.23,0.526,0.946,39.13,0.046,0.043,0.174,-0.115,1.072,-8.478,12.516,0.778,0.567,0.271,1.85,-0.16,0.52,-0.52,-0.39,-1.03,AMP-like,TRUE,Moderate
P_P30K,16,AMP,0.881,AMP,0.597,AMP,0.798,1:AMP,0.759,3.087,0.1929,0.598,0.275,0.531,0.996,50,0.055,0.188,0.062,-0.139,0.584,4.062,10.453,0.598,0.566,0.267,0.65,0.43,0.7,-0.27,0.33,-0.97,AMP-like,TRUE,Moderate
P_P30K,20,AMP,0.792,AMP,0.637,NonAMP,0.505,1:AMP,0.526,1.09,0.0545,0.616,0.495,0.555,1.046,50,0.165,0.05,0.15,0.003,0.433,-12.19,9.697,0.616,0.565,0.263,0.77,-0.95,1.58,-0.02,0.33,-0.23,AMP-like,TRUE,Moderate
P_P30K,16,AMP,0.584,NonAMP,0.544,AMP,0.677,1:AMP,0.663,2.027,0.1267,0.812,0.006,0.501,0.94,50,0.002,0,0.188,0.006,1.589,22.838,9.829,0.812,0.563,0.253,2.08,-0.23,-0.38,-0.55,0.33,-1.32,AMP-like,TRUE,Moderate
P_P30K,28,AMP,0.634,NonAMP,0.662,NonAMP,0.797,NonAMP,0.716,2.998,0.1071,0.518,0.543,0.56,1.009,53.57,0.136,0.036,0.179,-0.034,0.334,37.604,10.886,0.518,0.555,0.222,0.12,-0.43,1.77,-0.21,0.57,-0.43,AMP-like,TRUE,Moderate
P_P30K,21,AMP,0.703,AMP,0.693,AMP,0.877,1:AMP,0.845,2.999,0.1428,0.777,-0.219,0.476,0.988,61.9,-0.055,0.143,0.286,-0.126,1.249,48.276,12.223,0.777,0.552,0.208,1.85,-0.07,-1.28,-0.31,1.13,-1.7,AMP-like,TRUE,Moderate
P_P30K,21,AMP,0.624,NonAMP,0.523,NonAMP,0.607,NonAMP,0.579,2.996,0.1427,0.709,0.167,0.519,0.998,42.86,0.042,0.19,0.048,-0.31,1.191,37.443,10.654,0.709,0.552,0.208,1.39,-0.07,0.27,-0.26,-0.14,-1.05,AMP-like,TRUE,Moderate
P_P30K,17,AMP,0.584,AMP,0.821,AMP,0.866,1:AMP,0.833,4.935,0.2903,0.547,0.076,0.508,0.986,47.06,0.013,0.059,0.118,-0.035,1.569,91.259,11.752,0.547,0.548,0.193,0.31,1.4,-0.09,-0.32,0.14,-1.25,AMP-like,TRUE,Moderate
P_P30K,12,AMP,0.673,AMP,0.683,AMP,0.788,1:AMP,0.776,1.997,0.1664,0.533,0.358,0.54,0.984,50,0.119,0.083,0.25,-0.214,-0.363,-10.158,10.805,0.533,0.547,0.189,0.22,0.16,1.03,-0.33,0.33,-0.54,AMP-like,TRUE,Moderate
P_P30K,16,AMP,0.634,AMP,0.608,AMP,0.823,1:AMP,0.783,2.999,0.1874,0.787,-0.337,0.462,1.089,50,-0.084,0.188,0.062,-0.114,1.782,29.85,11.651,0.787,0.545,0.181,1.91,0.37,-1.75,0.19,0.33,-1.89,AMP-like,TRUE,Moderate
P_P30K,17,AMP,0.663,NonAMP,0.577,NonAMP,0.568,NonAMP,0.53,2.089,0.1229,0.631,0.229,0.525,0.984,52.94,0.057,0,0.176,0.035,0.695,31.606,11.652,0.631,0.544,0.176,0.87,-0.27,0.52,-0.33,0.53,-0.95,AMP-like,TRUE,Moderate
P_P30K,17,AMP,0.604,NonAMP,0.508,AMP,0.5,1:AMP,0.552,2.09,0.123,0.649,0.106,0.512,1.054,52.94,0.026,0,0.118,0.107,1.449,24.935,11.48,0.649,0.541,0.164,0.99,-0.27,0.02,0.02,0.53,-1.16,AMP-like,TRUE,Weak
P_P30K,18,AMP,0.614,NonAMP,0.552,NonAMP,0.536,1:AMP,0.508,0.998,0.0554,0.59,0.406,0.545,1.003,50,0.203,0.056,0.111,-0.141,0.383,-16.689,9.537,0.59,0.54,0.161,0.6,-0.95,1.22,-0.24,0.33,0.02,AMP-like,TRUE,Weak
P_P30K,15,AMP,0.733,AMP,0.748,AMP,0.848,1:AMP,0.828,3.025,0.2017,0.43,0.68,0.576,0.931,40,0.136,0.067,0.2,-0.18,-0.069,22.64,10.256,0.43,0.538,0.153,-0.47,0.52,2.32,-0.6,-0.33,-0.43,AMP-like,TRUE,Weak
P_P30K,16,AMP,0.604,AMP,0.562,AMP,0.795,1:AMP,0.746,1.937,0.1211,0.555,0.3,0.533,0.938,56.25,0.1,0,0.312,-0.002,0.705,57.525,9.828,0.555,0.529,0.116,0.37,-0.29,0.8,-0.56,0.75,-0.67,AMP-like,TRUE,Weak
P_P30K,25,AMP,0.653,AMP,0.816,AMP,0.547,1:AMP,0.589,2.935,0.1174,0.448,0.66,0.573,0.998,44,0.165,0.08,0.12,-0.178,0.076,7.18,10.256,0.448,0.528,0.112,-0.35,-0.33,2.24,-0.26,-0.07,-0.23,AMP-like,TRUE,Weak
P_P30K,14,AMP,0.673,AMP,0.846,AMP,0.903,1:AMP,0.897,3.088,0.2206,0.651,-0.179,0.48,1.064,42.86,-0.036,0.143,0.143,-0.056,0.639,-2.164,11.103,0.651,0.514,0.057,1.01,0.71,-1.11,0.07,-0.14,-1.57,AMP-like,TRUE,Weak
P_P30K,21,AMP,0.802,AMP,0.61,NonAMP,0.503,1:AMP,0.536,3.995,0.1903,0.708,-0.086,0.49,0.912,42.86,-0.017,0.143,0.143,-0.087,1.016,17.49,10.726,0.708,0.512,0.046,1.39,0.4,-0.74,-0.69,-0.14,-1.45,AMP-like,TRUE,Weak
P_P30K,16,AMP,0.594,AMP,0.571,AMP,0.624,1:AMP,0.608,2.026,0.1266,0.505,0.412,0.546,0.992,43.75,0.103,0.125,0.062,-0.142,0.696,18.869,9.449,0.505,0.507,0.028,0.03,-0.23,1.25,-0.29,-0.08,-0.65,AMP-like,TRUE,Weak
P_P30K,19,AMP,0.604,AMP,0.544,NonAMP,0.697,NonAMP,0.663,2.997,0.1577,0.579,0,0.5,1.091,47.37,0,0.053,0.105,0.082,1.345,3.063,11.531,0.579,0.502,0.008,0.53,0.08,-0.4,0.2,0.16,-1.33,AMP-like,TRUE,Weak
P_P30K,17,AMP,0.634,AMP,0.715,AMP,0.879,1:AMP,0.848,2.998,0.1763,0.597,0.018,0.502,0.979,41.18,0.004,0.059,0.176,0.018,1.221,9.182,11.08,0.597,0.486,-0.057,0.65,0.26,-0.33,-0.36,-0.25,-1.31,AMP-like,TRUE,Weak
P_P30K,23,AMP,0.624,AMP,0.819,AMP,0.722,1:AMP,0.735,4.179,0.1817,0.564,-0.035,0.496,0.941,47.83,-0.005,0.043,0.261,0.062,1.041,13.583,12.532,0.564,0.475,-0.101,0.43,0.32,-0.54,-0.55,0.19,-1.37,AMP-like,TRUE,Weak
P_P30K,33,AMP,0.604,AMP,0.932,NonAMP,0.516,1:AMP,0.524,1.689,0.0512,0.503,0.285,0.532,0.855,42.42,0.095,0.061,0.273,-0.064,0.815,86.703,8.211,0.503,0.42,-0.324,0.02,-0.99,0.74,-0.98,-0.17,-0.7,AMP-like,TRUE,Weak
P_P30K,21,AMP,0.594,AMP,0.567,AMP,0.626,1:AMP,0.641,3.088,0.147,0.639,-0.3,0.467,0.957,38.1,-0.06,0.143,0.143,-0.091,1.805,35.843,10.886,0.639,0.419,-0.326,0.93,-0.03,-1.6,-0.47,-0.46,-1.73,AMP-like,TRUE,Weak
P_P30K,27,AMP,0.594,NonAMP,0.511,NonAMP,0.659,NonAMP,0.641,1.874,0.0694,0.48,-0.133,0.485,0.88,66.67,-0.044,0,0.37,0.089,0.673,100.333,8.835,0.48,0.399,-0.408,-0.13,-0.81,-0.93,-0.85,1.44,-1.63,AMP-like,TRUE,Weak
P_P30K,23,AMP,0.733,AMP,0.661,AMP,0.68,1:AMP,0.676,5.025,0.2185,0.703,-0.774,0.414,0.917,39.13,-0.111,0.13,0.174,0.043,1.802,73.883,10.859,0.703,0.398,-0.415,1.35,0.68,-3.5,-0.66,-0.39,-2.07,AMP-like,TRUE,Weak
P_P30K,18,AMP,0.614,NonAMP,0.507,NonAMP,0.565,NonAMP,0.541,2.088,0.116,0.581,-0.344,0.462,0.977,44.44,-0.086,0.056,0.222,0.013,0.762,25.161,10.805,0.581,0.389,-0.451,0.54,-0.34,-1.78,-0.37,-0.04,-1.91,AMP-like,TRUE,Weak
P_P30K,20,AMP,0.604,AMP,0.575,AMP,0.625,1:AMP,0.597,3.935,0.1968,0.619,-0.635,0.429,0.982,35,-0.127,0.3,0.1,-0.258,2.577,66.16,10.873,0.619,0.373,-0.518,0.79,0.47,-2.94,-0.34,-0.67,-2.18,AMP-like,TRUE,Weak
P_P30K,17,AMP,0.624,AMP,0.52,AMP,0.823,1:AMP,0.783,2.27,0.1336,0.429,-0.241,0.473,0.922,52.94,-0.04,0.059,0.235,0.021,0.994,47.9,11.652,0.429,0.37,-0.533,-0.47,-0.16,-1.36,-0.64,0.53,-1.6,AMP-like,TRUE,Weak
P_P30K,14,AMP,0.634,AMP,0.698,AMP,0.855,1:AMP,0.796,4.088,0.292,0.666,-1.064,0.382,0.869,42.86,-0.177,0.071,0.357,0.198,2.513,64.6,12.532,0.666,0.367,-0.546,1.11,1.42,-4.66,-0.91,-0.14,-2.51,AMP-like,TRUE,Weak
P_P30K,32,AMP,0.653,AMP,0.512,NonAMP,0.572,NonAMP,0.592,2.996,0.0936,0.572,-0.531,0.441,0.972,34.38,-0.089,0.031,0.156,0.203,1.809,69.181,8.947,0.572,0.325,-0.729,0.48,-0.56,-2.52,-0.39,-0.71,-1.93,AMP-like,TRUE,Weak
P_P30K,22,AMP,0.822,AMP,0.606,AMP,0.65,1:AMP,0.634,2.934,0.1334,0.721,-0.736,0.418,0.795,27.27,-0.184,0.091,0.409,0.044,1.451,42.527,10.026,0.721,0.312,-0.791,1.47,-0.17,-3.35,-1.27,-1.18,-2.56,AMP-like,TRUE,Weak
P_P30K,20,AMP,0.604,AMP,0.768,AMP,0.729,1:AMP,0.697,2.966,0.1483,0.41,-0.275,0.469,0.905,30,-0.055,0,0.25,0.13,1.664,14.465,9.758,0.41,0.309,-0.807,-0.6,-0.02,-1.5,-0.73,-1,-1.7,AMP-like,TRUE,Weak
P_P30K,21,AMP,0.594,AMP,0.55,AMP,0.767,1:AMP,0.698,2.997,0.1427,0.5,-0.819,0.409,0.92,52.38,-0.205,0.095,0.333,0.119,1.293,47.462,10.902,0.5,0.297,-0.86,0,-0.07,-3.68,-0.65,0.49,-2.7,AMP-like,TRUE,Weak
P_P30K,14,AMP,0.614,AMP,0.6,AMP,0.559,1:AMP,0.542,5.179,0.3699,0.569,-1.614,0.321,1.028,28.57,-0.202,0.071,0.143,0.189,3.89,36.829,12.814,0.569,0.284,-0.922,0.46,2.2,-6.86,-0.11,-1.1,-2.68,AMP-like,TRUE,Weak
P_P30K,16,AMP,0.594,AMP,0.506,AMP,0.598,1:AMP,0.562,5.087,0.3179,0.442,-1.156,0.372,0.984,25,-0.165,0.125,0.125,0.101,2.939,54.919,11.768,0.442,0.267,-1.007,-0.39,1.68,-5.03,-0.33,-1.33,-2.43,AMP-like,TRUE,Weak
P_P30K,24,AMP,0.624,NonAMP,0.735,NonAMP,0.665,NonAMP,0.59,2.09,0.0871,0.306,-0.963,0.393,0.899,37.5,-0.241,0.125,0.25,-0.025,1.868,55.617,10.447,0.306,0.172,-1.569,-1.29,-0.63,-4.25,-0.76,-0.5,-2.94,AMP-like,TRUE,Weak
P_P30K,20,AMP,0.673,AMP,0.501,AMP,0.632,1:AMP,0.59,3.178,0.1589,0.391,-1.45,0.339,0.829,40,-0.242,0.1,0.35,0.207,2.82,84.645,11.21,0.391,0.167,-1.604,-0.73,0.09,-6.2,-1.11,-0.33,-2.95,AMP-like,TRUE,Weak
